bbl,id,facname,overagency,id,facname,overagency
3012030044,1263,ACHIEVEMENT FIRST CHARTER SCHOOL 10,NYC Department of Education,1264,ACHIEVEMENT FIRST CHARTER SCHOOL 11,NYC Department of Education
3012030044,1264,ACHIEVEMENT FIRST CHARTER SCHOOL 11,NYC Department of Education,1263,ACHIEVEMENT FIRST CHARTER SCHOOL 10,NYC Department of Education
1007610033,1281,ACMH - HH CM,NYS Office of Mental Health,1282,ACMH - HH NONMED CM,NYS Office of Mental Health
1007610033,1282,ACMH - HH NONMED CM,NYS Office of Mental Health,1281,ACMH - HH CM,NYS Office of Mental Health
1007750058,2430,ATELIER ESTHETIQUE INST,NYC Department of Education,2431,ATELIER ESTHETIQUE INSTITUTE OF ESTH,NYC Department of Education
4101020004,1354,ADMIN FOR CHILDRENS SERVICE,NYC Department of Education,1355,ADMINISTRATION CHILDREN SVS,NYC Department of Education
3012120072,2015,"ANCHOR HOUSE, INC. SRR",NYS Office of Alcoholism and Substance Abuse Services,2016,"ANCHOR HOUSE, INC. SRR 1",NYS Office of Alcoholism and Substance Abuse Services
3012120072,2016,"ANCHOR HOUSE, INC. SRR 1",NYS Office of Alcoholism and Substance Abuse Services,2015,"ANCHOR HOUSE, INC. SRR",NYS Office of Alcoholism and Substance Abuse Services
4006380037,2217,ARROW,NYC Department of Education,2218,ARROW SATELLITE RECREATION CENTER,NYC Department of Education
4006380037,2218,ARROW SATELLITE RECREATION CENTER,NYC Department of Education,2219,ARROW SATELLITE RECREATION CTR,NYC Department of Education
4006380037,2218,ARROW SATELLITE RECREATION CENTER,NYC Department of Education,2217,ARROW,NYC Department of Education
4006380037,2219,ARROW SATELLITE RECREATION CTR,NYC Department of Education,2218,ARROW SATELLITE RECREATION CENTER,NYC Department of Education
4101020004,1355,ADMINISTRATION CHILDREN SVS,NYC Department of Education,1354,ADMIN FOR CHILDRENS SERVICE,NYC Department of Education
2027037501,1366,ADOLESCENT SKILLS CENTER SOUTH,NYS Office of Mental Health,1367,ADOLESCENT SKILLS CENTER WEST,NYS Office of Mental Health
2027037501,1367,ADOLESCENT SKILLS CENTER WEST,NYS Office of Mental Health,1366,ADOLESCENT SKILLS CENTER SOUTH,NYS Office of Mental Health
1007750058,2431,ATELIER ESTHETIQUE INSTITUTE OF ESTH,NYC Department of Education,2430,ATELIER ESTHETIQUE INST,NYC Department of Education
3007250200,3455,BKS07G GARAGE,NYC Department of Sanitation,3456,BKS10G GARAGE,NYC Department of Sanitation
1009620100,3076,BELLEVUE HOSPITAL CENTER CHILDREN'S CPEP,NYS Office of Mental Health,3077,BELLEVUE HOSPITAL CENTER CPEP,NYS Office of Mental Health
1009620100,3077,BELLEVUE HOSPITAL CENTER CPEP,NYS Office of Mental Health,3076,BELLEVUE HOSPITAL CENTER CHILDREN'S CPEP,NYS Office of Mental Health
1009220046,3238,BETH ISRAEL MEDICAL CENTER ADULT CLINIC,NYS Office of Mental Health,3239,BETH ISRAEL MEDICAL CENTER CHILD OUTPATIENT DEPARTMENT,NYS Office of Mental Health
1009220046,3239,BETH ISRAEL MEDICAL CENTER CHILD OUTPATIENT DEPARTMENT,NYS Office of Mental Health,3238,BETH ISRAEL MEDICAL CENTER ADULT CLINIC,NYS Office of Mental Health
1021230048,2472,AUDUBON ADULT DAY TREATMENT PROGRAM,NYS Office of Mental Health,2473,AUDUBON ADULT OUTPATIENT CLINIC,NYS Office of Mental Health
1021230048,2473,AUDUBON ADULT OUTPATIENT CLINIC,NYS Office of Mental Health,2472,AUDUBON ADULT DAY TREATMENT PROGRAM,NYS Office of Mental Health
4159550003,2913,BEACH 41ST CLUB (HIGH SCHOOL),NYC Department of Youth and Community Development,2914,BEACH 41ST CLUB (MIDDLE SCH..),NYC Department of Youth and Community Development
4159550003,2914,BEACH 41ST CLUB (MIDDLE SCH..),NYC Department of Youth and Community Development,2913,BEACH 41ST CLUB (HIGH SCHOOL),NYC Department of Youth and Community Development
3051030008,3029,BEGINNING STEPS DAY CARE,NYC Department of Health and Mental Hygiene,3030,"BEGINNING STEPS INFANT DAY CARE, LLC",NYC Department of Health and Mental Hygiene
3051030008,3030,"BEGINNING STEPS INFANT DAY CARE, LLC",NYC Department of Health and Mental Hygiene,3029,BEGINNING STEPS DAY CARE,NYC Department of Health and Mental Hygiene
4133120015,3404,"BIRCH FAMILY SERVICES, INC",NYC Department of Health and Mental Hygiene,3405,"BIRCH FAMILY SERVICES, INC.",NYC Department of Health and Mental Hygiene
4133120015,3405,"BIRCH FAMILY SERVICES, INC.",NYC Department of Health and Mental Hygiene,3404,"BIRCH FAMILY SERVICES, INC",NYC Department of Health and Mental Hygiene
3007250200,3456,BKS10G GARAGE,NYC Department of Sanitation,3455,BKS07G GARAGE,NYC Department of Sanitation
1001660027,3825,BRC - HH CM,NYS Office of Mental Health,3826,BRC - HH NONMED CM,NYS Office of Mental Health
1008017503,3774,BOWERY RESIDENTS' COMMITTEE INC MEDICALLY MONITORED WITHDRAWAL,NYC Department of Health and Mental Hygiene,3775,BOWERY RESIDENTS' COMMITTEE INC MEDICALLY SUPERVISED OUTPATIENT,NYC Department of Health and Mental Hygiene
1008017503,3775,BOWERY RESIDENTS' COMMITTEE INC MEDICALLY SUPERVISED OUTPATIENT,NYC Department of Health and Mental Hygiene,3774,BOWERY RESIDENTS' COMMITTEE INC MEDICALLY MONITORED WITHDRAWAL,NYC Department of Health and Mental Hygiene
1001660027,3826,BRC - HH NONMED CM,NYS Office of Mental Health,3825,BRC - HH CM,NYS Office of Mental Health
2027270045,4027,BRIGHTSIDE ACADEMY INC.,NYC Department of Health and Mental Hygiene,4028,BRIGHTSIDE ACADEMY INC.  (INFANT/TODDLER),NYC Department of Health and Mental Hygiene
3010550047,3934,BRIGHT BEES DAY CARE CENTER INC.,NYC Department of Health and Mental Hygiene,3935,BRIGHT BEES DAYCARE INC,NYC Department of Health and Mental Hygiene
3010550047,3935,BRIGHT BEES DAYCARE INC,NYC Department of Health and Mental Hygiene,3934,BRIGHT BEES DAY CARE CENTER INC.,NYC Department of Health and Mental Hygiene
1011640005,3969,BRIGHT HORIZONS AT WEST 72ND,NYC Department of Health and Mental Hygiene,3970,BRIGHT HORIZONS AT WEST 73ND,NYC Department of Health and Mental Hygiene
1011640005,3970,BRIGHT HORIZONS AT WEST 73ND,NYC Department of Health and Mental Hygiene,3969,BRIGHT HORIZONS AT WEST 72ND,NYC Department of Health and Mental Hygiene
5033550001,3895,BRIDGER II - NON MEDICAID CC,NYS Office of Mental Health,3896,BRIDGER III - NONMEDICAID CC,NYS Office of Mental Health
5033550001,3896,BRIDGER III - NONMEDICAID CC,NYS Office of Mental Health,3895,BRIDGER II - NON MEDICAID CC,NYS Office of Mental Health
2027270045,4028,BRIGHTSIDE ACADEMY INC.  (INFANT/TODDLER),NYC Department of Health and Mental Hygiene,4027,BRIGHTSIDE ACADEMY INC.,NYC Department of Health and Mental Hygiene
2022890075,4032,BRILLA CARITAS CHARTER SCHOOL,NYC Department of Education,4033,BRILLA COLLEGE PREP CHARTER,NYC Department of Education
2022890075,4033,BRILLA COLLEGE PREP CHARTER,NYC Department of Education,4032,BRILLA CARITAS CHARTER SCHOOL,NYC Department of Education
2048260043,4168,BRONX CHARTER SCH FOR EXCELLENCE 3,NYC Department of Education,4169,BRONX CHARTER SCH FOR EXCELLENCE 4,NYC Department of Education
2048260043,4169,BRONX CHARTER SCH FOR EXCELLENCE 4,NYC Department of Education,4168,BRONX CHARTER SCH FOR EXCELLENCE 3,NYC Department of Education
2025990092,4991,"BUCKEYE TERMINALS, LLC - BRONX TERMINAL, EAST RIVER DOCKS",Non-public,4992,"BUCKEYE TERMINALS, LLC - BRONX TERMINAL, EAST RIVER MAIN BERTH DOCK",Non-public
2026120007,4376,BRONX-LEBANON HOSPITAL CENTER -  HH NON - MEDICAID CM,NYS Office of Mental Health,4377,BRONX-LEBANON HOSPITAL CENTER - HH CM,NYS Office of Mental Health
2026120007,4377,BRONX-LEBANON HOSPITAL CENTER - HH CM,NYS Office of Mental Health,4376,BRONX-LEBANON HOSPITAL CENTER -  HH NON - MEDICAID CM,NYS Office of Mental Health
3002810001,4808,BROOKLYN PORT AUTH MARINE TERMINAL PIER NO 1,Port Authority of New York and New Jersey,4809,BROOKLYN PORT AUTH MARINE TERMINAL PIER NO 2,Port Authority of New York and New Jersey
3002810001,4809,BROOKLYN PORT AUTH MARINE TERMINAL PIER NO 2,Port Authority of New York and New Jersey,4808,BROOKLYN PORT AUTH MARINE TERMINAL PIER NO 1,Port Authority of New York and New Jersey
3002810001,4811,BROOKLYN PORT AUTH MARINE TERMINAL PIER NO 3,Port Authority of New York and New Jersey,4812,BROOKLYN PORT AUTH MARINE TERMINAL PIER NO 5,Port Authority of New York and New Jersey
3002810001,4812,BROOKLYN PORT AUTH MARINE TERMINAL PIER NO 5,Port Authority of New York and New Jersey,4813,BROOKLYN PORT AUTH MARINE TERMINAL PIER NO 6,Port Authority of New York and New Jersey
3002810001,4812,BROOKLYN PORT AUTH MARINE TERMINAL PIER NO 5,Port Authority of New York and New Jersey,4811,BROOKLYN PORT AUTH MARINE TERMINAL PIER NO 3,Port Authority of New York and New Jersey
2042260006,4270,BRONX HOUSE 2 - AFTERCARE,NYS Office of Mental Health,4271,BRONX HOUSE 4 - AFTERCARE,NYS Office of Mental Health
2042260006,4271,BRONX HOUSE 4 - AFTERCARE,NYS Office of Mental Health,4272,BRONX HOUSE 5 - AFTERCARE,NYS Office of Mental Health
2042260006,4271,BRONX HOUSE 4 - AFTERCARE,NYS Office of Mental Health,4270,BRONX HOUSE 2 - AFTERCARE,NYS Office of Mental Health
2042260006,4272,BRONX HOUSE 5 - AFTERCARE,NYS Office of Mental Health,4273,BRONX HOUSE 6 - AFTERCARE,NYS Office of Mental Health
2042260006,4272,BRONX HOUSE 5 - AFTERCARE,NYS Office of Mental Health,4271,BRONX HOUSE 4 - AFTERCARE,NYS Office of Mental Health
2042260006,4273,BRONX HOUSE 6 - AFTERCARE,NYS Office of Mental Health,4274,BRONX HOUSE 8 - AFTERCARE,NYS Office of Mental Health
2042260006,4273,BRONX HOUSE 6 - AFTERCARE,NYS Office of Mental Health,4272,BRONX HOUSE 5 - AFTERCARE,NYS Office of Mental Health
2042260006,4274,BRONX HOUSE 8 - AFTERCARE,NYS Office of Mental Health,4273,BRONX HOUSE 6 - AFTERCARE,NYS Office of Mental Health
2023640045,4361,"BRONX SKY CHILD CARE CENTER, INC.",NYC Department of Health and Mental Hygiene,4362,BRONX SKY CHILD CARE INC,NYC Department of Health and Mental Hygiene
2023640045,4362,BRONX SKY CHILD CARE INC,NYC Department of Health and Mental Hygiene,4361,"BRONX SKY CHILD CARE CENTER, INC.",NYC Department of Health and Mental Hygiene
3014480001,4641,BROOKLYN COLLEGIATE 1,NYC Department of Youth and Community Development,4642,BROOKLYN COLLEGIATE 2,NYC Department of Youth and Community Development
3014480001,4642,BROOKLYN COLLEGIATE 2,NYC Department of Youth and Community Development,4641,BROOKLYN COLLEGIATE 1,NYC Department of Youth and Community Development
3002810001,4813,BROOKLYN PORT AUTH MARINE TERMINAL PIER NO 6,Port Authority of New York and New Jersey,4812,BROOKLYN PORT AUTH MARINE TERMINAL PIER NO 5,Port Authority of New York and New Jersey
1003230001,4814,BROOKLYN PORT AUTH MARINE TERMINAL PIER NO 7,Port Authority of New York and New Jersey,4815,BROOKLYN PORT AUTH MARINE TERMINAL PIER NO 8,Port Authority of New York and New Jersey
1003230001,4815,BROOKLYN PORT AUTH MARINE TERMINAL PIER NO 8,Port Authority of New York and New Jersey,4814,BROOKLYN PORT AUTH MARINE TERMINAL PIER NO 7,Port Authority of New York and New Jersey
2025990092,4992,"BUCKEYE TERMINALS, LLC - BRONX TERMINAL, EAST RIVER MAIN BERTH DOCK",Non-public,4993,"BUCKEYE TERMINALS, LLC - BRONX TERMINAL, EAST RIVER NO. 2 BERTH DOCK",Non-public
2025990092,4992,"BUCKEYE TERMINALS, LLC - BRONX TERMINAL, EAST RIVER MAIN BERTH DOCK",Non-public,4991,"BUCKEYE TERMINALS, LLC - BRONX TERMINAL, EAST RIVER DOCKS",Non-public
2025990092,4993,"BUCKEYE TERMINALS, LLC - BRONX TERMINAL, EAST RIVER NO. 2 BERTH DOCK",Non-public,4994,"BUCKEYE TERMINALS, LLC - BRONX TERMINAL, EAST RIVER NO. 3 BERTH DOCK",Non-public
2025990092,4993,"BUCKEYE TERMINALS, LLC - BRONX TERMINAL, EAST RIVER NO. 2 BERTH DOCK",Non-public,4992,"BUCKEYE TERMINALS, LLC - BRONX TERMINAL, EAST RIVER MAIN BERTH DOCK",Non-public
2025990092,4994,"BUCKEYE TERMINALS, LLC - BRONX TERMINAL, EAST RIVER NO. 3 BERTH DOCK",Non-public,4993,"BUCKEYE TERMINALS, LLC - BRONX TERMINAL, EAST RIVER NO. 2 BERTH DOCK",Non-public
2029530021,5175,BX06A GARAGE,NYC Department of Sanitation,5176,BX06G GARAGE,NYC Department of Sanitation
4090420001,5054,BUS MAINTENANCE CORP.,NYC Department of Consumer Affairs,5055,BUS MAINTENANCE II LLC,NYC Department of Consumer Affairs
4090420001,5055,BUS MAINTENANCE II LLC,NYC Department of Consumer Affairs,5054,BUS MAINTENANCE CORP.,NYC Department of Consumer Affairs
2029530021,5176,BX06G GARAGE,NYC Department of Sanitation,5175,BX06A GARAGE,NYC Department of Sanitation
1022120001,5177,BX07G GARAGE,NYC Department of Sanitation,5178,BX08G GARAGE,NYC Department of Sanitation
1022120001,5178,BX08G GARAGE,NYC Department of Sanitation,5177,BX07G GARAGE,NYC Department of Sanitation
2037020001,5179,BX09G GARAGE,NYC Department of Sanitation,5180,BX10G GARAGE,NYC Department of Sanitation
2037020001,5180,BX10G GARAGE,NYC Department of Sanitation,5179,BX09G GARAGE,NYC Department of Sanitation
3065240040,5505,CAREFUL BUS,NYC Department of Education,5506,CAREFUL BUS SERVICE INC (B2192),NYC Department of Education
5074650075,5344,"CAMELOT OF STATEN ISLAND, INC. OP",NYS Office of Alcoholism and Substance Abuse Services,5345,"CAMELOT OF STATEN ISLAND, INC. OP 1",NYS Office of Alcoholism and Substance Abuse Services
5074650075,5345,"CAMELOT OF STATEN ISLAND, INC. OP 1",NYS Office of Alcoholism and Substance Abuse Services,5344,"CAMELOT OF STATEN ISLAND, INC. OP",NYS Office of Alcoholism and Substance Abuse Services
3050840084,5520,CARIBBEAN WOMEN'S HEALTH ASSOC,NYC Department of Education,5521,"CARIBBEAN WOMEN'S HEALTH ASSOC, INC",NYC Department of Education
3050840084,5521,"CARIBBEAN WOMEN'S HEALTH ASSOC, INC",NYC Department of Education,5520,CARIBBEAN WOMEN'S HEALTH ASSOC,NYC Department of Education
3065240040,5506,CAREFUL BUS SERVICE INC (B2192),NYC Department of Education,5505,CAREFUL BUS,NYC Department of Education
2025970001,5635,"CASTLE OIL CORP.,  PORT MORRIS TERMINAL SOUTH BARGE DOCK",Non-public,5636,"CASTLE OIL CORP., PORT MORRIS TERMINAL TANKER DOCK",Non-public
2025970001,5636,"CASTLE OIL CORP., PORT MORRIS TERMINAL TANKER DOCK",Non-public,5637,"CASTLE OIL CORP., PORT MORRIS TERMINAL, NORTH BARGE DOCK.",Non-public
2025970001,5636,"CASTLE OIL CORP., PORT MORRIS TERMINAL TANKER DOCK",Non-public,5635,"CASTLE OIL CORP.,  PORT MORRIS TERMINAL SOUTH BARGE DOCK",Non-public
2025970001,5637,"CASTLE OIL CORP., PORT MORRIS TERMINAL, NORTH BARGE DOCK.",Non-public,5636,"CASTLE OIL CORP., PORT MORRIS TERMINAL TANKER DOCK",Non-public
3001180006,5691,CATHOLIC CHARITIES NEIGHBORHOOD SERVICES - HH CM,NYS Office of Mental Health,5692,CATHOLIC CHARITIES NEIGHBORHOOD SERVICES - HH NONMED CM,NYS Office of Mental Health
3001180006,5692,CATHOLIC CHARITIES NEIGHBORHOOD SERVICES - HH NONMED CM,NYS Office of Mental Health,5691,CATHOLIC CHARITIES NEIGHBORHOOD SERVICES - HH CM,NYS Office of Mental Health
4068017505,8779,COSMOKIDZ  INFANTS,NYC Department of Health and Mental Hygiene,8780,COSMOKIDZ PRE-SCHOOL,NYC Department of Health and Mental Hygiene
1006170047,5819,CENTER CARE RECOVERY OP,NYS Office of Alcoholism and Substance Abuse Services,5820,CENTER CARE RECOVERY OP 1,NYS Office of Alcoholism and Substance Abuse Services
1006170047,5820,CENTER CARE RECOVERY OP 1,NYS Office of Alcoholism and Substance Abuse Services,5819,CENTER CARE RECOVERY OP,NYS Office of Alcoholism and Substance Abuse Services
4097980006,5902,CENTRAL LIBRARY,Queens Public Library,5903,CENTRAL LIBRARY- THE ARCHIVES,Queens Public Library
4097980006,5903,CENTRAL LIBRARY- THE ARCHIVES,Queens Public Library,5902,CENTRAL LIBRARY,Queens Public Library
1010870005,6242,"CHILDREN'S CENTER OF JOHN JAY COLLEGE OF CRIMINAL JUSTICE, INC",NYC Department of Health and Mental Hygiene,6243,"CHILDREN'S CENTER OF JOHN JAY COLLEGE OF CRIMINAL JUSTICE, INC.",NYC Department of Health and Mental Hygiene
1010870005,6243,"CHILDREN'S CENTER OF JOHN JAY COLLEGE OF CRIMINAL JUSTICE, INC.",NYC Department of Health and Mental Hygiene,6242,"CHILDREN'S CENTER OF JOHN JAY COLLEGE OF CRIMINAL JUSTICE, INC",NYC Department of Health and Mental Hygiene
3001180006,7938,CITYWIDE CARE COORDINATION - HEALTH HOME CARE MGT,NYS Office of Mental Health,7939,CITYWIDE HEALTH HOME - NON-MEDICAID CARE CASEMANAGEMENT,NYS Office of Mental Health
3001180006,7939,CITYWIDE HEALTH HOME - NON-MEDICAID CARE CASEMANAGEMENT,NYS Office of Mental Health,7938,CITYWIDE CARE COORDINATION - HEALTH HOME CARE MGT,NYS Office of Mental Health
3002550008,5756,CATHOLIC CHARITIES NEIGHBORHOOD SVCS,NYS Office for People With Developmental Disabilities,5757,CATHOLIC CHARITIES NEIGHBORHOOD SVCS INC,NYS Office for People With Developmental Disabilities
3002550008,5757,CATHOLIC CHARITIES NEIGHBORHOOD SVCS INC,NYS Office for People With Developmental Disabilities,5756,CATHOLIC CHARITIES NEIGHBORHOOD SVCS,NYS Office for People With Developmental Disabilities
3011800025,5991,CHAI TOTS PRESCHOOL OF PROSPECT HEIGHTS,NYC Department of Health and Mental Hygiene,5992,CHAI TOTS PRESCHOOL OF PROSPECT HEIGHTS ( I/T),NYC Department of Health and Mental Hygiene
3011800025,5992,CHAI TOTS PRESCHOOL OF PROSPECT HEIGHTS ( I/T),NYC Department of Health and Mental Hygiene,5991,CHAI TOTS PRESCHOOL OF PROSPECT HEIGHTS,NYC Department of Health and Mental Hygiene
3049900047,6269,CHILDREN'S PALACE DAY CARE CENTER I/T,NYC Department of Health and Mental Hygiene,6270,"CHILDREN'S PALACE DAY CARE, INC.",NYC Department of Health and Mental Hygiene
3049900047,6270,"CHILDREN'S PALACE DAY CARE, INC.",NYC Department of Health and Mental Hygiene,6269,CHILDREN'S PALACE DAY CARE CENTER I/T,NYC Department of Health and Mental Hygiene
4100300006,6385,CHN MOBILE UNIT THREE,NYS Department of Health,6386,CHN MOBILE UNIT TWO,NYS Department of Health
4100300006,6386,CHN MOBILE UNIT TWO,NYS Department of Health,6385,CHN MOBILE UNIT THREE,NYS Department of Health
4100300006,6388,CHN MOBILE VAN V,NYS Department of Health,6389,CHN MOBILE VAN VII,NYS Department of Health
4100300006,6389,CHN MOBILE VAN VII,NYS Department of Health,6388,CHN MOBILE VAN V,NYS Department of Health
3072390001,8518,CONEY ISLAND HOSPITAL ACT I,NYS Office of Mental Health,8519,CONEY ISLAND HOSPITAL ACT II,NYS Office of Mental Health
3072390001,8519,CONEY ISLAND HOSPITAL ACT II,NYS Office of Mental Health,8520,CONEY ISLAND HOSPITAL CHILD AND ADULT OUTPATIENT CLINIC PROG,NYS Office of Mental Health
3072390001,8519,CONEY ISLAND HOSPITAL ACT II,NYS Office of Mental Health,8518,CONEY ISLAND HOSPITAL ACT I,NYS Office of Mental Health
3072390001,8520,CONEY ISLAND HOSPITAL CHILD AND ADULT OUTPATIENT CLINIC PROG,NYS Office of Mental Health,8519,CONEY ISLAND HOSPITAL ACT II,NYS Office of Mental Health
4068017505,8780,COSMOKIDZ PRE-SCHOOL,NYC Department of Health and Mental Hygiene,8779,COSMOKIDZ  INFANTS,NYC Department of Health and Mental Hygiene
3062640030,10190,EDITH & CARL MARKS HS,NYC Department of Youth and Community Development,10191,EDITH & CARL MARKS MS,NYC Department of Youth and Community Development
3002500007,8820,COUNSELING SERVICE OF E.D.N.Y. OP,NYS Office of Alcoholism and Substance Abuse Services,8821,COUNSELING SERVICE OF E.D.N.Y. OP 1,NYS Office of Alcoholism and Substance Abuse Services
3002500007,8821,COUNSELING SERVICE OF E.D.N.Y. OP 1,NYS Office of Alcoholism and Substance Abuse Services,8822,COUNSELING SERVICE OF E.D.N.Y. OP 2,NYS Office of Alcoholism and Substance Abuse Services
3002500007,8821,COUNSELING SERVICE OF E.D.N.Y. OP 1,NYS Office of Alcoholism and Substance Abuse Services,8820,COUNSELING SERVICE OF E.D.N.Y. OP,NYS Office of Alcoholism and Substance Abuse Services
3002500007,8822,COUNSELING SERVICE OF E.D.N.Y. OP 2,NYS Office of Alcoholism and Substance Abuse Services,8823,COUNSELING SERVICE OF E.D.N.Y. OP 3,NYS Office of Alcoholism and Substance Abuse Services
3002500007,8822,COUNSELING SERVICE OF E.D.N.Y. OP 2,NYS Office of Alcoholism and Substance Abuse Services,8821,COUNSELING SERVICE OF E.D.N.Y. OP 1,NYS Office of Alcoholism and Substance Abuse Services
3002500007,8823,COUNSELING SERVICE OF E.D.N.Y. OP 3,NYS Office of Alcoholism and Substance Abuse Services,8822,COUNSELING SERVICE OF E.D.N.Y. OP 2,NYS Office of Alcoholism and Substance Abuse Services
1019880166,9512,DIST 6 P.189 PRESCHOOL SPECIAL ED,NYC Department of Education,9513,DIST 6 P.192 PRESCHOOL SPECIAL ED,NYC Department of Education
1019880166,9513,DIST 6 P.192 PRESCHOOL SPECIAL ED,NYC Department of Education,9512,DIST 6 P.189 PRESCHOOL SPECIAL ED,NYC Department of Education
1017710039,9983,EAST HARLEM TEAM I,NYS Office of Mental Health,9984,EAST HARLEM TEAM II,NYS Office of Mental Health
1017710039,9984,EAST HARLEM TEAM II,NYS Office of Mental Health,9983,EAST HARLEM TEAM I,NYS Office of Mental Health
3022360009,9424,DIST 14 P.380K PRESCHOOL SPECIAL ED,NYC Department of Education,9425,DIST 14 SC P.141K AT P380K PREK SPEC,NYC Department of Education
3022360009,9425,DIST 14 SC P.141K AT P380K PREK SPEC,NYC Department of Education,9424,DIST 14 P.380K PRESCHOOL SPECIAL ED,NYC Department of Education
1016520001,9719,DREAM CHARTER SCHOOL HUNTS POINT,NYC Department of Education,9720,DREAM CHARTER SCHOOL MOTT HAVEN,NYC Department of Education
1016520001,9720,DREAM CHARTER SCHOOL MOTT HAVEN,NYC Department of Education,9719,DREAM CHARTER SCHOOL HUNTS POINT,NYC Department of Education
3037380015,10000,EAST NEW YORK DIAGNOSTIC & TX CENTER DEPART OF BEHAV HEALTH,NYS Office of Mental Health,10001,EAST NEW YORK DIAGNOSTIC AND TREATMENT CENTER ACT TEAM,NYS Office of Mental Health
3037380015,10001,EAST NEW YORK DIAGNOSTIC AND TREATMENT CENTER ACT TEAM,NYS Office of Mental Health,10000,EAST NEW YORK DIAGNOSTIC & TX CENTER DEPART OF BEHAV HEALTH,NYS Office of Mental Health
3062640030,10191,EDITH & CARL MARKS MS,NYC Department of Youth and Community Development,10192,EDITH & CARL MARKS PS,NYC Department of Youth and Community Development
3062640030,10191,EDITH & CARL MARKS MS,NYC Department of Youth and Community Development,10190,EDITH & CARL MARKS HS,NYC Department of Youth and Community Development
3062640030,10192,EDITH & CARL MARKS PS,NYC Department of Youth and Community Development,10191,EDITH & CARL MARKS MS,NYC Department of Youth and Community Development
3024180045,10289,EL REGRESO IR,NYS Office of Alcoholism and Substance Abuse Services,10290,EL REGRESO IR 1,NYS Office of Alcoholism and Substance Abuse Services
3024180045,10290,EL REGRESO IR 1,NYS Office of Alcoholism and Substance Abuse Services,10289,EL REGRESO IR,NYS Office of Alcoholism and Substance Abuse Services
3068170047,10339,ELITE KIDS SERVICES INC.,NYC Department of Health and Mental Hygiene,10340,"ELITE KIDS SERVICES, INC",NYC Department of Health and Mental Hygiene
3068170047,10340,"ELITE KIDS SERVICES, INC",NYC Department of Health and Mental Hygiene,10339,ELITE KIDS SERVICES INC.,NYC Department of Health and Mental Hygiene
3000190001,10935,EXPLORE ENRICH CHARTER SCHOOL,NYC Department of Education,10936,EXPLORE ENVISION CHARTER SCHOOL,NYC Department of Education
3016730001,10907,EXCELLENCE BOYS CHARTER MIDDLE ACAD,NYC Department of Education,10906,EXCELLENCE BOYS CHAR SCH-BED STUY,NYC Department of Education
4015000002,10380,ELMHURST HOSPITAL CENTER - CPEP,NYS Office of Mental Health,10381,ELMHURST HOSPITAL CENTER - HBCI,NYS Office of Mental Health
4015000002,10381,ELMHURST HOSPITAL CENTER - HBCI,NYS Office of Mental Health,10380,ELMHURST HOSPITAL CENTER - CPEP,NYS Office of Mental Health
3016730001,10906,EXCELLENCE BOYS CHAR SCH-BED STUY,NYC Department of Education,10907,EXCELLENCE BOYS CHARTER MIDDLE ACAD,NYC Department of Education
3000190001,10936,EXPLORE ENVISION CHARTER SCHOOL,NYC Department of Education,10935,EXPLORE ENRICH CHARTER SCHOOL,NYC Department of Education
4092540001,11201,FEDERATION OF ORGANIZATIONS ACT PROGRAM,NYS Office of Mental Health,11202,FEDERATION OF ORGANIZATIONS QUEENS FORENSIC ACT TEAM,NYS Office of Mental Health
4094070033,11169,FED OF ORG - HH CM NYC,NYS Office of Mental Health,11170,FED OF ORG - HH NONMED CM - NYC,NYS Office of Mental Health
4094070033,11170,FED OF ORG - HH NONMED CM - NYC,NYS Office of Mental Health,11169,FED OF ORG - HH CM NYC,NYS Office of Mental Health
4092540001,11202,FEDERATION OF ORGANIZATIONS QUEENS FORENSIC ACT TEAM,NYS Office of Mental Health,11201,FEDERATION OF ORGANIZATIONS ACT PROGRAM,NYS Office of Mental Health
3069790100,11388,FIVE STARS CHILD CARE 2,NYC Department of Health and Mental Hygiene,11389,"FIVE STARS CHILD CARE II, INC.",NYC Department of Health and Mental Hygiene
1010370040,11367,FIRST STEPS TO RECOVERY OP,NYS Office of Alcoholism and Substance Abuse Services,11368,FIRST STEPS TO RECOVERY OP 1,NYS Office of Alcoholism and Substance Abuse Services
3069790100,11389,"FIVE STARS CHILD CARE II, INC.",NYC Department of Health and Mental Hygiene,11388,FIVE STARS CHILD CARE 2,NYC Department of Health and Mental Hygiene
1010370040,11368,FIRST STEPS TO RECOVERY OP 1,NYS Office of Alcoholism and Substance Abuse Services,11367,FIRST STEPS TO RECOVERY OP,NYS Office of Alcoholism and Substance Abuse Services
3051070008,11396,FLATBUSH CLUB (HIGH SCHOOL),NYC Department of Youth and Community Development,11397,FLATBUSH CLUB (MIDDLE SCHOOL),NYC Department of Youth and Community Development
3051070008,11397,FLATBUSH CLUB (MIDDLE SCHOOL),NYC Department of Youth and Community Development,11396,FLATBUSH CLUB (HIGH SCHOOL),NYC Department of Youth and Community Development
4068820001,12291,GED P2G-FRANCIS LEWIS HS/PM - AHSEP,NYC Department of Education,12292,GED P2G-FRANKLIN K LANE-EVE-ASHEP,NYC Department of Education
4068820001,12292,GED P2G-FRANKLIN K LANE-EVE-ASHEP,NYC Department of Education,12291,GED P2G-FRANCIS LEWIS HS/PM - AHSEP,NYC Department of Education
3074240001,14424,I.S. 14 SHELL BANK (ELEM),NYC Department of Youth and Community Development,14425,I.S. 14 SHELL BANK (MIDDLE),NYC Department of Youth and Community Development
2026050040,12326,GED-E RIVER ACADEMY-EMTC MAIN-AHSEP,NYC Department of Education,12327,GED-E RIVER ACADEMY-GMDC ANNEX-AHSEP,NYC Department of Education
2026050040,12327,GED-E RIVER ACADEMY-GMDC ANNEX-AHSEP,NYC Department of Education,12328,GED-E RIVER ACADEMY-GMDC MAIN-AHSEP,NYC Department of Education
2026050040,12327,GED-E RIVER ACADEMY-GMDC ANNEX-AHSEP,NYC Department of Education,12326,GED-E RIVER ACADEMY-EMTC MAIN-AHSEP,NYC Department of Education
2026050040,12328,GED-E RIVER ACADEMY-GMDC MAIN-AHSEP,NYC Department of Education,12329,GED-E RIVER ACADEMY-GRVC-AHSEP,NYC Department of Education
2026050040,12328,GED-E RIVER ACADEMY-GMDC MAIN-AHSEP,NYC Department of Education,12327,GED-E RIVER ACADEMY-GMDC ANNEX-AHSEP,NYC Department of Education
2026050040,12329,GED-E RIVER ACADEMY-GRVC-AHSEP,NYC Department of Education,12330,GED-E RIVER ACADEMY-NIC-AHSEP,NYC Department of Education
2026050040,12329,GED-E RIVER ACADEMY-GRVC-AHSEP,NYC Department of Education,12328,GED-E RIVER ACADEMY-GMDC MAIN-AHSEP,NYC Department of Education
2026050040,12330,GED-E RIVER ACADEMY-NIC-AHSEP,NYC Department of Education,12331,GED-E RIVER ACADEMY-RNDC AM-AHSEP,NYC Department of Education
2026050040,12330,GED-E RIVER ACADEMY-NIC-AHSEP,NYC Department of Education,12329,GED-E RIVER ACADEMY-GRVC-AHSEP,NYC Department of Education
2026050040,12331,GED-E RIVER ACADEMY-RNDC AM-AHSEP,NYC Department of Education,12332,GED-E RIVER ACADEMY-RNDC ANNEX-AHSEP,NYC Department of Education
2026050040,12331,GED-E RIVER ACADEMY-RNDC AM-AHSEP,NYC Department of Education,12330,GED-E RIVER ACADEMY-NIC-AHSEP,NYC Department of Education
2026050040,12332,GED-E RIVER ACADEMY-RNDC ANNEX-AHSEP,NYC Department of Education,12333,GED-E RIVER ACADEMY-RNDC MAIN-AHSEP,NYC Department of Education
2026050040,12332,GED-E RIVER ACADEMY-RNDC ANNEX-AHSEP,NYC Department of Education,12331,GED-E RIVER ACADEMY-RNDC AM-AHSEP,NYC Department of Education
2026050040,12333,GED-E RIVER ACADEMY-RNDC MAIN-AHSEP,NYC Department of Education,12332,GED-E RIVER ACADEMY-RNDC ANNEX-AHSEP,NYC Department of Education
1017330001,13343,HARLEM HOSPITAL CENTER - MOBILE CRISIS MANAGEMENT,NYS Office of Mental Health,13344,HARLEM HOSPITAL CENTER CPEP,NYS Office of Mental Health
1017330001,13344,HARLEM HOSPITAL CENTER CPEP,NYS Office of Mental Health,13343,HARLEM HOSPITAL CENTER - MOBILE CRISIS MANAGEMENT,NYS Office of Mental Health
2036040039,12340,GED-P2G-ADLAI STEVENSON HS-AHSEP,NYC Department of Education,12341,GED-P2G-ADLAI STEVENSON HS/DAY,NYC Department of Education
2036040039,12341,GED-P2G-ADLAI STEVENSON HS/DAY,NYC Department of Education,12340,GED-P2G-ADLAI STEVENSON HS-AHSEP,NYC Department of Education
4008310089,13233,HAPPY  BEES DAY CARE,NYC Department of Health and Mental Hygiene,13234,HAPPY BEES DAY CARE,NYC Department of Health and Mental Hygiene
4008310089,13234,HAPPY BEES DAY CARE,NYC Department of Health and Mental Hygiene,13233,HAPPY  BEES DAY CARE,NYC Department of Health and Mental Hygiene
1017330001,13338,HARLEM HOSPITAL CENTER - ADULT CONSULTATION/LIAISON,NYS Office of Mental Health,13339,HARLEM HOSPITAL CENTER - CHILD CONSULTATION/LIAISON,NYS Office of Mental Health
1017330001,13339,HARLEM HOSPITAL CENTER - CHILD CONSULTATION/LIAISON,NYS Office of Mental Health,13338,HARLEM HOSPITAL CENTER - ADULT CONSULTATION/LIAISON,NYS Office of Mental Health
1017340001,13340,HARLEM HOSPITAL CENTER - HH CM,NYS Office of Mental Health,13341,HARLEM HOSPITAL CENTER - HH NONMED CM,NYS Office of Mental Health
1017340001,13341,HARLEM HOSPITAL CENTER - HH NONMED CM,NYS Office of Mental Health,13340,HARLEM HOSPITAL CENTER - HH CM,NYS Office of Mental Health
2027140004,14444,I.S. 217 MS,NYC Department of Youth and Community Development,14445,I.S. 217 SCHOOL OF PERFORMING,NYC Department of Youth and Community Development
2027140004,14445,I.S. 217 SCHOOL OF PERFORMING,NYC Department of Youth and Community Development,14444,I.S. 217 MS,NYC Department of Youth and Community Development
3074240001,14425,I.S. 14 SHELL BANK (MIDDLE),NYC Department of Youth and Community Development,14424,I.S. 14 SHELL BANK (ELEM),NYC Department of Youth and Community Development
4097240173,15163,J.H.S. 217 ROBERT VAN WYCK SCHOOL,NYC Department of Youth and Community Development,15162,J.H.S. 217 ROBERT VAN WYCK SCH,NYC Department of Youth and Community Development
3031850001,14485,I.S. 347 SCHOOL OF HUMANITIES,NYC Department of Education,14486,"I.S. 349 MATH, SCIENCE & TECH.",NYC Department of Education
3031850001,14486,"I.S. 349 MATH, SCIENCE & TECH.",NYC Department of Education,14485,I.S. 347 SCHOOL OF HUMANITIES,NYC Department of Education
1015210069,16104,KIPP BRONX CHARTER SCHOOL II,NYC Department of Education,16105,KIPP BRONX CHARTER SCHOOL III,NYC Department of Education
2040720005,15357,JBFCS - HH CM,NYS Office of Mental Health,15358,JBFCS - HH NONMED CM,NYS Office of Mental Health
2040720005,15358,JBFCS - HH NONMED CM,NYS Office of Mental Health,15357,JBFCS - HH CM,NYS Office of Mental Health
3019660004,15988,KINGS BAY YM - YWHA INC,NYC Department of Health and Mental Hygiene,15989,KINGS BAY YM-YWHA,NYC Department of Health and Mental Hygiene
3019660004,15989,KINGS BAY YM-YWHA,NYC Department of Health and Mental Hygiene,15988,KINGS BAY YM - YWHA INC,NYC Department of Health and Mental Hygiene
4097240173,15162,J.H.S. 217 ROBERT VAN WYCK SCH,NYC Department of Youth and Community Development,15163,J.H.S. 217 ROBERT VAN WYCK SCHOOL,NYC Department of Youth and Community Development
1011547501,15585,JGB MENTAL HEALTH AND MENTAL RETARDATION SERVICES INC. CDT,NYS Office of Mental Health,15586,JGB MENTAL HEALTH AND MENTAL RETARDATION SERVICES INC. CTP,NYS Office of Mental Health
1011547501,15586,JGB MENTAL HEALTH AND MENTAL RETARDATION SERVICES INC. CTP,NYS Office of Mental Health,15585,JGB MENTAL HEALTH AND MENTAL RETARDATION SERVICES INC. CDT,NYS Office of Mental Health
1001407502,15965,KINDERCARE EDUCATION AT WORK  LLC,NYC Department of Health and Mental Hygiene,15966,KINDERCARE EDUCATION AT WORK LLC,NYC Department of Health and Mental Hygiene
1001407502,15966,KINDERCARE EDUCATION AT WORK LLC,NYC Department of Health and Mental Hygiene,15965,KINDERCARE EDUCATION AT WORK  LLC,NYC Department of Health and Mental Hygiene
3054320069,15968,"KINDERLAND DA CARE, INC.",NYC Department of Health and Mental Hygiene,15969,KINDERLAND DAY CARE INC.,NYC Department of Health and Mental Hygiene
3054320069,15969,KINDERLAND DAY CARE INC.,NYC Department of Health and Mental Hygiene,15968,"KINDERLAND DA CARE, INC.",NYC Department of Health and Mental Hygiene
1015210069,16105,KIPP BRONX CHARTER SCHOOL III,NYC Department of Education,16104,KIPP BRONX CHARTER SCHOOL II,NYC Department of Education
3045440001,16217,L & M BUS CORP (A),NYC Department of Education,16218,L & M BUS CORP. (B2192),NYC Department of Education
3045440001,16218,L & M BUS CORP. (B2192),NYC Department of Education,16219,L & M BUS CORP. (B2321),NYC Department of Education
3045440001,16218,L & M BUS CORP. (B2192),NYC Department of Education,16217,L & M BUS CORP (A),NYC Department of Education
3045440001,16219,L & M BUS CORP. (B2321),NYC Department of Education,16218,L & M BUS CORP. (B2192),NYC Department of Education
1002260001,16401,LANGUAGE INSTITUTE FOR ENGLISH,NYC Department of Education,16402,LANGUAGE STUDIES INTERNATIONAL,NYC Department of Education
1002260001,16402,LANGUAGE STUDIES INTERNATIONAL,NYC Department of Education,16401,LANGUAGE INSTITUTE FOR ENGLISH,NYC Department of Education
3002430008,16594,LEGAL OUTREACH BKLYN 1,NYC Department of Youth and Community Development,16595,LEGAL OUTREACH BKLYN 2,NYC Department of Youth and Community Development
3002430008,16595,LEGAL OUTREACH BKLYN 2,NYC Department of Youth and Community Development,16594,LEGAL OUTREACH BKLYN 1,NYC Department of Youth and Community Development
3009227502,16770,LIL GENIES CHILDCARE CENTER INC,NYC Department of Health and Mental Hygiene,16771,"LIL GENIES CHILDCARE CENTER, INC.",NYC Department of Health and Mental Hygiene
3009227502,16771,"LIL GENIES CHILDCARE CENTER, INC.",NYC Department of Health and Mental Hygiene,16770,LIL GENIES CHILDCARE CENTER INC,NYC Department of Health and Mental Hygiene
1011480014,17387,M.S. M245 THE COMPUTER SCHOOL,NYC Department of Education,17388,M.S. M247 DUAL LANGUAGE MIDDLE SCHOOL,NYC Department of Education
2023350016,16798,LINCOLN MEDICAL & MENTAL HEALTH CENTER/CHILD OUTPATIENT SVC,NYS Office of Mental Health,16799,LINCOLN MEDICAL & MENTAL HEALTH CTR. ADULT GERIATRIC CLINIC,NYS Office of Mental Health
2023350016,16799,LINCOLN MEDICAL & MENTAL HEALTH CTR. ADULT GERIATRIC CLINIC,NYS Office of Mental Health,16798,LINCOLN MEDICAL & MENTAL HEALTH CENTER/CHILD OUTPATIENT SVC,NYS Office of Mental Health
4085200002,17047,LONG ISLAND JEWISH MEDICAL CENTER OP,NYS Office of Alcoholism and Substance Abuse Services,17048,LONG ISLAND JEWISH MEDICAL CENTER OP1,NYS Office of Alcoholism and Substance Abuse Services
4085200002,17048,LONG ISLAND JEWISH MEDICAL CENTER OP1,NYS Office of Alcoholism and Substance Abuse Services,17047,LONG ISLAND JEWISH MEDICAL CENTER OP,NYS Office of Alcoholism and Substance Abuse Services
3056920026,16913,LITTLE MUNCHKINS PLAYGROUP 56 INC.,NYC Department of Health and Mental Hygiene,16914,"LITTLE MUNCHKINS PLAYGROUP 56, INC.",NYC Department of Health and Mental Hygiene
3056920026,16914,"LITTLE MUNCHKINS PLAYGROUP 56, INC.",NYC Department of Health and Mental Hygiene,16913,LITTLE MUNCHKINS PLAYGROUP 56 INC.,NYC Department of Health and Mental Hygiene
1000420031,17177,LOWER EAST SIDE SERVICE CENTER M-IR,NYS Office of Alcoholism and Substance Abuse Services,17178,LOWER EAST SIDE SERVICE CENTER M-IR1,NYS Office of Alcoholism and Substance Abuse Services
1000420031,17178,LOWER EAST SIDE SERVICE CENTER M-IR1,NYS Office of Alcoholism and Substance Abuse Services,17177,LOWER EAST SIDE SERVICE CENTER M-IR,NYS Office of Alcoholism and Substance Abuse Services
1011480014,17388,M.S. M247 DUAL LANGUAGE MIDDLE SCHOOL,NYC Department of Education,17387,M.S. M245 THE COMPUTER SCHOOL,NYC Department of Education
3020167501,17473,MAGIC MOMENTS ACADEMY,NYC Department of Health and Mental Hygiene,17474,MAGIC MOMENTS ACADEMY PRESCHOOL & CHILD CARE,NYC Department of Health and Mental Hygiene
3020167501,17474,MAGIC MOMENTS ACADEMY PRESCHOOL & CHILD CARE,NYC Department of Health and Mental Hygiene,17473,MAGIC MOMENTS ACADEMY,NYC Department of Health and Mental Hygiene
1019300030,17622,MANHATTAN FORENSIC ACT TEAM 1,NYS Office of Mental Health,17623,MANHATTAN FORENSIC ACT TEAM 2,NYS Office of Mental Health
3056310014,17495,MAIMONIDES CMHC ADULT SERVICES,NYS Office of Mental Health,17496,MAIMONIDES CMHC CHILDREN'S CLINIC,NYS Office of Mental Health
3056310014,17496,MAIMONIDES CMHC CHILDREN'S CLINIC,NYS Office of Mental Health,17495,MAIMONIDES CMHC ADULT SERVICES,NYS Office of Mental Health
1019300030,17623,MANHATTAN FORENSIC ACT TEAM 2,NYS Office of Mental Health,17622,MANHATTAN FORENSIC ACT TEAM 1,NYS Office of Mental Health
1001500031,18262,MFY - CSS PROGRAM,NYS Office of Mental Health,18263,MFY - REINVESTMENT,NYS Office of Mental Health
1009720001,17634,"MANHATTAN KID'S CLUB I I, INC.",NYC Department of Health and Mental Hygiene,17635,"MANHATTAN KIDS CLUB I I, INC.",NYC Department of Health and Mental Hygiene
1009720001,17635,"MANHATTAN KIDS CLUB I I, INC.",NYC Department of Health and Mental Hygiene,17634,"MANHATTAN KID'S CLUB I I, INC.",NYC Department of Health and Mental Hygiene
3013360064,17960,MATT'S AUTOMOTIVE CORP,NYC Department of Consumer Affairs,17961,MATT'S TOWING CORP.,NYC Department of Consumer Affairs
3013360064,17961,MATT'S TOWING CORP.,NYC Department of Consumer Affairs,17960,MATT'S AUTOMOTIVE CORP,NYC Department of Consumer Affairs
1016240045,18189,METROKIDS CRADLE ( SOUTH END)  INC,NYC Department of Health and Mental Hygiene,18190,METROKIDS CRADLE ( SOUTH END) INC,NYC Department of Health and Mental Hygiene
1016240045,18190,METROKIDS CRADLE ( SOUTH END) INC,NYC Department of Health and Mental Hygiene,18189,METROKIDS CRADLE ( SOUTH END)  INC,NYC Department of Health and Mental Hygiene
4013367501,18267,MH PROVIDERS OF WESTERN QUEENS - HH CM,NYS Office of Mental Health,18268,MH PROVIDERS OF WESTERN QUEENS - HH NONMED CM,NYS Office of Mental Health
4013367501,18268,MH PROVIDERS OF WESTERN QUEENS - HH NONMED CM,NYS Office of Mental Health,18267,MH PROVIDERS OF WESTERN QUEENS - HH CM,NYS Office of Mental Health
3025170014,18183,"METRO TERMINALS CORP., GREENPOINT TERMINAL LOWER DOCK.",Non-public,18184,"METRO TERMINALS CORP., GREENPOINT TERMINAL UPPER DOCK.",Non-public
3025170014,18184,"METRO TERMINALS CORP., GREENPOINT TERMINAL UPPER DOCK.",Non-public,18183,"METRO TERMINALS CORP., GREENPOINT TERMINAL LOWER DOCK.",Non-public
1016690001,18222,METROPOLITAN HOSPITAL CMHC CHILD/ADOLESCENT CLINIC,NYS Office of Mental Health,18223,METROPOLITAN HOSPITAL CMHC EAST HARLEM CONTINUING DAY TXT,NYS Office of Mental Health
1016690001,18223,METROPOLITAN HOSPITAL CMHC EAST HARLEM CONTINUING DAY TXT,NYS Office of Mental Health,18222,METROPOLITAN HOSPITAL CMHC CHILD/ADOLESCENT CLINIC,NYS Office of Mental Health
1016690001,18226,METROPOLITAN HOSPITAL PACT (TEAM 1),NYS Office of Mental Health,18227,METROPOLITAN HOSPITAL PACT (TEAM 2),NYS Office of Mental Health
1016690001,18227,METROPOLITAN HOSPITAL PACT (TEAM 2),NYS Office of Mental Health,18226,METROPOLITAN HOSPITAL PACT (TEAM 1),NYS Office of Mental Health
1001500031,18263,MFY - REINVESTMENT,NYS Office of Mental Health,18262,MFY - CSS PROGRAM,NYS Office of Mental Health
1014800001,18343,MIDTOWN CTR FOR TRTMENT & RESEARCH OP,NYS Office of Alcoholism and Substance Abuse Services,18344,MIDTOWN CTR FOR TRTMENT & RESEARCH OP1,NYS Office of Alcoholism and Substance Abuse Services
1014800001,18344,MIDTOWN CTR FOR TRTMENT & RESEARCH OP1,NYS Office of Alcoholism and Substance Abuse Services,18343,MIDTOWN CTR FOR TRTMENT & RESEARCH OP,NYS Office of Alcoholism and Substance Abuse Services
3020390101,18481,MOBILE CRISIS MANAGEMENT TEAM,NYS Office of Mental Health,18482,MOBILE CRISIS TEAM - CHILD & YOUTH,NYS Office of Mental Health
1005967501,18460,MN01G GARAGE,NYC Department of Sanitation,18461,MN02G GARAGE,NYC Department of Sanitation
1005967501,18461,MN02G GARAGE,NYC Department of Sanitation,18460,MN01G GARAGE,NYC Department of Sanitation
3020390101,18482,MOBILE CRISIS TEAM - CHILD & YOUTH,NYS Office of Mental Health,18481,MOBILE CRISIS MANAGEMENT TEAM,NYS Office of Mental Health
2033270001,18566,MONTEFIORE MEDICAL CENTER HENRY AND LUCY MOSES DIVISION MOBILE DENTAL VAN,NYS Department of Health,18567,MONTEFIORE MEDICAL CENTER HENRY AND LUCY MOSES DIVISION MOBILE DENTAL VAN #2,NYS Department of Health
2033270001,18567,MONTEFIORE MEDICAL CENTER HENRY AND LUCY MOSES DIVISION MOBILE DENTAL VAN #2,NYS Department of Health,18566,MONTEFIORE MEDICAL CENTER HENRY AND LUCY MOSES DIVISION MOBILE DENTAL VAN,NYS Department of Health
2042260130,18578,MONTEFIORE MEDICAL CENTER OTP,NYS Office of Alcoholism and Substance Abuse Services,18579,MONTEFIORE MEDICAL CENTER OTP 1,NYS Office of Alcoholism and Substance Abuse Services
2042260130,18579,MONTEFIORE MEDICAL CENTER OTP 1,NYS Office of Alcoholism and Substance Abuse Services,18578,MONTEFIORE MEDICAL CENTER OTP,NYS Office of Alcoholism and Substance Abuse Services
1007410010,19108,N.Y.C. LAB SCHOOL FOR COLLABORATIVE STUDIES,NYC Department of Education,19109,N.Y.C. MUSEUM SCHOOL,NYC Department of Education
4044870158,19066,MUTUAL BUS CORP. (B2192),NYC Department of Education,19067,MUTUAL BUS CORP. (B2321),NYC Department of Education
4044870158,19067,MUTUAL BUS CORP. (B2321),NYC Department of Education,19066,MUTUAL BUS CORP. (B2192),NYC Department of Education
1007410010,19109,N.Y.C. MUSEUM SCHOOL,NYC Department of Education,19108,N.Y.C. LAB SCHOOL FOR COLLABORATIVE STUDIES,NYC Department of Education
1022150080,19495,NEW VISIONS CHARTER HS-ADV MATH/SCIE,NYC Department of Education,19496,NEW VISIONS CHARTER HS-HUMANITIES,NYC Department of Education
3048840060,19390,"NEW HOPE DAY CARE, INC. (I/T)",NYC Department of Health and Mental Hygiene,19391,"NEW HOPE DAY CARE,INC. (P.S.)",NYC Department of Health and Mental Hygiene
3048840060,19391,"NEW HOPE DAY CARE,INC. (P.S.)",NYC Department of Health and Mental Hygiene,19390,"NEW HOPE DAY CARE, INC. (I/T)",NYC Department of Health and Mental Hygiene
1020600018,19244,NEIGHBORHOOD CHARTER OF HARLEM 2,NYC Department of Education,19245,NEIGHBORHOOD CHARTER SCHOOL  - BRONX,NYC Department of Education
1020600018,19245,NEIGHBORHOOD CHARTER SCHOOL  - BRONX,NYC Department of Education,19244,NEIGHBORHOOD CHARTER OF HARLEM 2,NYC Department of Education
1012580009,19405,NEW HORIZONS CLC OF METROPOLITAN NY,NYC Department of Education,19406,NEW HORIZONS COMPUTER LEARNING CENTE,NYC Department of Education
1012580009,19406,NEW HORIZONS COMPUTER LEARNING CENTE,NYC Department of Education,19405,NEW HORIZONS CLC OF METROPOLITAN NY,NYC Department of Education
1022150080,19496,NEW VISIONS CHARTER HS-HUMANITIES,NYC Department of Education,19495,NEW VISIONS CHARTER HS-ADV MATH/SCIE,NYC Department of Education
1013730001,20031,NORTHTOWN PARK,Roosevelt Island Operating Corporation,20032,NORTHWEST PROMENADE,Roosevelt Island Operating Corporation
2042260130,19857,NEXT STEPS NORTH OP,NYS Office of Alcoholism and Substance Abuse Services,19858,NEXT STEPS NORTH OP 1,NYS Office of Alcoholism and Substance Abuse Services
2042260130,19858,NEXT STEPS NORTH OP 1,NYS Office of Alcoholism and Substance Abuse Services,19859,NEXT STEPS SOUTH OP,NYS Office of Alcoholism and Substance Abuse Services
2042260130,19858,NEXT STEPS NORTH OP 1,NYS Office of Alcoholism and Substance Abuse Services,19857,NEXT STEPS NORTH OP,NYS Office of Alcoholism and Substance Abuse Services
2042260130,19859,NEXT STEPS SOUTH OP,NYS Office of Alcoholism and Substance Abuse Services,19858,NEXT STEPS NORTH OP 1,NYS Office of Alcoholism and Substance Abuse Services
1013730001,20032,NORTHWEST PROMENADE,Roosevelt Island Operating Corporation,20031,NORTHTOWN PARK,Roosevelt Island Operating Corporation
1007860001,20122,"NY THERAPEUTIC COMMUNITIES, INC. OP",NYS Office of Alcoholism and Substance Abuse Services,20123,NY THERAPEUTIC OP,NYS Office of Alcoholism and Substance Abuse Services
1007860001,20123,NY THERAPEUTIC OP,NYS Office of Alcoholism and Substance Abuse Services,20122,"NY THERAPEUTIC COMMUNITIES, INC. OP",NYS Office of Alcoholism and Substance Abuse Services
2022980001,21688,P.S. 154 JONATHAN D. HYATT SCH,NYC Department of Youth and Community Development,21689,P.S. 154 JONATHAN D. HYATT SCHOOL,NYC Department of Youth and Community Development
3072390001,20245,NYC-HHC CONEY ISLAND HOSPITAL - HH CM,NYS Office of Mental Health,20246,NYC-HHC CONEY ISLAND HOSPITAL - HH NON - MEDICAID CM,NYS Office of Mental Health
3072390001,20246,NYC-HHC CONEY ISLAND HOSPITAL - HH NON - MEDICAID CM,NYS Office of Mental Health,20245,NYC-HHC CONEY ISLAND HOSPITAL - HH CM,NYS Office of Mental Health
4068580001,20247,NYC-HHC QUEENS HOSPITAL CENTER - HH CM,NYS Office of Mental Health,20248,NYC-HHC QUEENS HOSPITAL CENTER - HH NONMED CM,NYS Office of Mental Health
4068580001,20248,NYC-HHC QUEENS HOSPITAL CENTER - HH NONMED CM,NYS Office of Mental Health,20247,NYC-HHC QUEENS HOSPITAL CENTER - HH CM,NYS Office of Mental Health
4068880008,20439,NYP/QUEENS CARDIAC HEALTH CENTER,NYS Department of Health,20440,NYP/QUEENS DENTAL SERVICES CENTER,NYS Department of Health
4068880008,20440,NYP/QUEENS DENTAL SERVICES CENTER,NYS Department of Health,20439,NYP/QUEENS CARDIAC HEALTH CENTER,NYS Department of Health
1000370013,20632,ODYSSEY MANOR IR 1,NYS Office of Alcoholism and Substance Abuse Services,20633,ODYSSEY MANOR IR 2,NYS Office of Alcoholism and Substance Abuse Services
1000370013,20633,ODYSSEY MANOR IR 2,NYS Office of Alcoholism and Substance Abuse Services,20632,ODYSSEY MANOR IR 1,NYS Office of Alcoholism and Substance Abuse Services
4092620095,21078,OUTREACH DEVELOPMENT CORP. RRSY,NYS Office of Alcoholism and Substance Abuse Services,21079,OUTREACH DEVELOPMENT CORP. RRSY 1,NYS Office of Alcoholism and Substance Abuse Services
4092620095,21079,OUTREACH DEVELOPMENT CORP. RRSY 1,NYS Office of Alcoholism and Substance Abuse Services,21078,OUTREACH DEVELOPMENT CORP. RRSY,NYS Office of Alcoholism and Substance Abuse Services
4092620095,21080,OUTREACH DEVELOPMENT CORPORATION OP,NYS Office of Alcoholism and Substance Abuse Services,21081,OUTREACH DEVELOPMENT CORPORATION OP 1,NYS Office of Alcoholism and Substance Abuse Services
4092620095,21081,OUTREACH DEVELOPMENT CORPORATION OP 1,NYS Office of Alcoholism and Substance Abuse Services,21080,OUTREACH DEVELOPMENT CORPORATION OP,NYS Office of Alcoholism and Substance Abuse Services
2022980001,21689,P.S. 154 JONATHAN D. HYATT SCHOOL,NYC Department of Youth and Community Development,21688,P.S. 154 JONATHAN D. HYATT SCH,NYC Department of Youth and Community Development
3010477502,23111,"PARK SLOPE SCHOOLHOUSE CHILD CARE CENTER , INC. INFANT/TODDLER",NYC Department of Health and Mental Hygiene,23112,"PARK SLOPE SCHOOLHOUSE CHILD CARE CENTER, INC.",NYC Department of Health and Mental Hygiene
3010477502,23112,"PARK SLOPE SCHOOLHOUSE CHILD CARE CENTER, INC.",NYC Department of Health and Mental Hygiene,23111,"PARK SLOPE SCHOOLHOUSE CHILD CARE CENTER , INC. INFANT/TODDLER",NYC Department of Health and Mental Hygiene
4003230020,23438,PHOENIX HOUSE ACADEMY LONG ISLAND IR 2,NYS Office of Alcoholism and Substance Abuse Services,23439,PHOENIX HOUSE HAUPPAUGE CENTER IR,NYS Office of Alcoholism and Substance Abuse Services
1019477501,23385,"PETITS POUSSINS TOO, INC",NYC Department of Health and Mental Hygiene,23386,"PETITS POUSSINS TOO, INC.",NYC Department of Health and Mental Hygiene
1019477501,23386,"PETITS POUSSINS TOO, INC.",NYC Department of Health and Mental Hygiene,23385,"PETITS POUSSINS TOO, INC",NYC Department of Health and Mental Hygiene
4003230020,23439,PHOENIX HOUSE HAUPPAUGE CENTER IR,NYS Office of Alcoholism and Substance Abuse Services,23438,PHOENIX HOUSE ACADEMY LONG ISLAND IR 2,NYS Office of Alcoholism and Substance Abuse Services
4003230020,23441,PHOENIX HOUSE-LAKE RONKONKOMA SRR,NYS Office of Alcoholism and Substance Abuse Services,23442,PHOENIX HOUSES OF LONG ISLAND SRR,NYS Office of Alcoholism and Substance Abuse Services
4003230020,23442,PHOENIX HOUSES OF LONG ISLAND SRR,NYS Office of Alcoholism and Substance Abuse Services,23441,PHOENIX HOUSE-LAKE RONKONKOMA SRR,NYS Office of Alcoholism and Substance Abuse Services
1008900053,23778,POSTGRADUATE CENTER FOR MENTAL HEALTH - HH CM,NYS Office of Mental Health,23779,POSTGRADUATE CENTER FOR MENTAL HEALTH - HH NON - MEDICAID CM,NYS Office of Mental Health
5011210001,23747,PORT RICHMOND HS 1,NYC Department of Youth and Community Development,23748,PORT RICHMOND HS 2,NYC Department of Youth and Community Development
5011210001,23748,PORT RICHMOND HS 2,NYC Department of Youth and Community Development,23747,PORT RICHMOND HS 1,NYC Department of Youth and Community Development
1008900053,23779,POSTGRADUATE CENTER FOR MENTAL HEALTH - HH NON - MEDICAID CM,NYS Office of Mental Health,23778,POSTGRADUATE CENTER FOR MENTAL HEALTH - HH CM,NYS Office of Mental Health
3037670001,23770,"POSITIVE COMMUNITY IMAGES, INC (4)",NYC Department of Education,23771,"POSITIVE COMMUNITY IMAGES, INC.",NYC Department of Education
3037670001,23771,"POSITIVE COMMUNITY IMAGES, INC.",NYC Department of Education,23770,"POSITIVE COMMUNITY IMAGES, INC (4)",NYC Department of Education
2028227501,23780,POSTGRADUATE CHILD ADOLESCENT & FAMILY CLINIC,NYS Office of Mental Health,23781,POSTGRADUATE PROS,NYS Office of Mental Health
2028227501,23781,POSTGRADUATE PROS,NYS Office of Mental Health,23780,POSTGRADUATE CHILD ADOLESCENT & FAMILY CLINIC,NYS Office of Mental Health
4058650050,24214,PS 169-BAY TERRACE 1,NYC Department of Youth and Community Development,24215,PS 169-BAY TERRACE 2,NYC Department of Youth and Community Development
1004580011,24060,PROJECT RENEWAL INC MEDICALLY MONITORED WITHDRAWAL,NYC Department of Health and Mental Hygiene,24061,PROJECT RENEWAL INC MEDICALLY SUPERVISED OUTPATIENT,NYC Department of Health and Mental Hygiene
1004580011,24061,PROJECT RENEWAL INC MEDICALLY SUPERVISED OUTPATIENT,NYC Department of Health and Mental Hygiene,24060,PROJECT RENEWAL INC MEDICALLY MONITORED WITHDRAWAL,NYC Department of Health and Mental Hygiene
2028910037,24088,"PROMESA, INC. OP",NYS Office of Alcoholism and Substance Abuse Services,24089,"PROMESA, INC. OP 1",NYS Office of Alcoholism and Substance Abuse Services
2028910037,24089,"PROMESA, INC. OP 1",NYS Office of Alcoholism and Substance Abuse Services,24090,"PROMESA, INC. OP 2",NYS Office of Alcoholism and Substance Abuse Services
2028910037,24089,"PROMESA, INC. OP 1",NYS Office of Alcoholism and Substance Abuse Services,24088,"PROMESA, INC. OP",NYS Office of Alcoholism and Substance Abuse Services
2028910037,24090,"PROMESA, INC. OP 2",NYS Office of Alcoholism and Substance Abuse Services,24091,"PROMESA, INC. OP 3",NYS Office of Alcoholism and Substance Abuse Services
2028910037,24090,"PROMESA, INC. OP 2",NYS Office of Alcoholism and Substance Abuse Services,24089,"PROMESA, INC. OP 1",NYS Office of Alcoholism and Substance Abuse Services
2028910037,24091,"PROMESA, INC. OP 3",NYS Office of Alcoholism and Substance Abuse Services,24090,"PROMESA, INC. OP 2",NYS Office of Alcoholism and Substance Abuse Services
2028910037,24092,"PROMESA, INC. OTP",NYS Office of Alcoholism and Substance Abuse Services,24093,"PROMESA, INC. OTP 1",NYS Office of Alcoholism and Substance Abuse Services
2028910037,24093,"PROMESA, INC. OTP 1",NYS Office of Alcoholism and Substance Abuse Services,24092,"PROMESA, INC. OTP",NYS Office of Alcoholism and Substance Abuse Services
4058650050,24215,PS 169-BAY TERRACE 2,NYC Department of Youth and Community Development,24214,PS 169-BAY TERRACE 1,NYC Department of Youth and Community Development
4107890114,24824,QUEENSBORO SDA COMMUNITY SER,NYC Department of Education,24825,QUEENSBORO TEMPLE,NYC Department of Education
4118840001,24487,QE08G GARAGE,NYC Department of Sanitation,24488,QE10G GARAGE,NYC Department of Sanitation
4118840001,24488,QE10G GARAGE,NYC Department of Sanitation,24487,QE08G GARAGE,NYC Department of Sanitation
4094070033,24561,QUEENS ADULT HOME HEALTH HOME,NYS Office of Mental Health,24562,QUEENS ADULT HOME HEALTH HOME - MEDICAID,NYS Office of Mental Health
4094070033,24562,QUEENS ADULT HOME HEALTH HOME - MEDICAID,NYS Office of Mental Health,24561,QUEENS ADULT HOME HEALTH HOME,NYS Office of Mental Health
1007910016,24447,PUERTO RICAN FAMILY INSTITUTE INC. - HH NON - MEDICAID CM,NYS Office of Mental Health,24448,PUERTO RICAN FAMILY INSTITUTE INC.- HH CM,NYS Office of Mental Health
1007910016,24448,PUERTO RICAN FAMILY INSTITUTE INC.- HH CM,NYS Office of Mental Health,24447,PUERTO RICAN FAMILY INSTITUTE INC. - HH NON - MEDICAID CM,NYS Office of Mental Health
4107890114,24825,QUEENSBORO TEMPLE,NYC Department of Education,24824,QUEENSBORO SDA COMMUNITY SER,NYC Department of Education
1008430020,25081,"REALIZATION CENTER, INC. OP",NYS Office of Alcoholism and Substance Abuse Services,25082,"REALIZATION CENTER, INC. OP 1",NYS Office of Alcoholism and Substance Abuse Services
4023610268,24900,QW02G GARAGE,NYC Department of Sanitation,24901,QW03G GARAGE,NYC Department of Sanitation
4023610268,24901,QW03G GARAGE,NYC Department of Sanitation,24902,QW04G GARAGE,NYC Department of Sanitation
4023610268,24901,QW03G GARAGE,NYC Department of Sanitation,24900,QW02G GARAGE,NYC Department of Sanitation
4023610268,24902,QW04G GARAGE,NYC Department of Sanitation,24901,QW03G GARAGE,NYC Department of Sanitation
1008430020,25082,"REALIZATION CENTER, INC. OP 1",NYS Office of Alcoholism and Substance Abuse Services,25081,"REALIZATION CENTER, INC. OP",NYS Office of Alcoholism and Substance Abuse Services
3078170006,25337,RESTORATIVE MANAGEMENT CORP. OP,NYS Office of Alcoholism and Substance Abuse Services,25338,RESTORATIVE MANAGEMENT CORP. OP 1,NYS Office of Alcoholism and Substance Abuse Services
3078170006,25338,RESTORATIVE MANAGEMENT CORP. OP 1,NYS Office of Alcoholism and Substance Abuse Services,25339,RESTORATIVE MANAGEMENT CORP. OP 2,NYS Office of Alcoholism and Substance Abuse Services
3078170006,25338,RESTORATIVE MANAGEMENT CORP. OP 1,NYS Office of Alcoholism and Substance Abuse Services,25337,RESTORATIVE MANAGEMENT CORP. OP,NYS Office of Alcoholism and Substance Abuse Services
3078170006,25339,RESTORATIVE MANAGEMENT CORP. OP 2,NYS Office of Alcoholism and Substance Abuse Services,25338,RESTORATIVE MANAGEMENT CORP. OP 1,NYS Office of Alcoholism and Substance Abuse Services
1013737504,25764,ROOSEVELT ISLAND DAY NURSERY,NYC Department of Health and Mental Hygiene,25765,"ROOSEVELT ISLAND DAY NURSERY, INC.",NYC Department of Health and Mental Hygiene
1002040034,25357,REVCORE RECOVERY CTR / MANHATTAN OP,NYS Office of Alcoholism and Substance Abuse Services,25358,REVCORE RECOVERY CTR / MANHATTAN OP 1,NYS Office of Alcoholism and Substance Abuse Services
1002040034,25358,REVCORE RECOVERY CTR / MANHATTAN OP 1,NYS Office of Alcoholism and Substance Abuse Services,25357,REVCORE RECOVERY CTR / MANHATTAN OP,NYS Office of Alcoholism and Substance Abuse Services
5001020001,25423,RICHMOND UNIVERSITY MEDICAL CENTER OP,NYS Office of Alcoholism and Substance Abuse Services,25424,RICHMOND UNIVERSITY MEDICAL CENTER OP1,NYS Office of Alcoholism and Substance Abuse Services
5001020001,25424,RICHMOND UNIVERSITY MEDICAL CENTER OP1,NYS Office of Alcoholism and Substance Abuse Services,25425,RICHMOND UNIVERSITY MEDICAL CENTER OP2,NYS Office of Alcoholism and Substance Abuse Services
5001020001,25424,RICHMOND UNIVERSITY MEDICAL CENTER OP1,NYS Office of Alcoholism and Substance Abuse Services,25423,RICHMOND UNIVERSITY MEDICAL CENTER OP,NYS Office of Alcoholism and Substance Abuse Services
5001020001,25425,RICHMOND UNIVERSITY MEDICAL CENTER OP2,NYS Office of Alcoholism and Substance Abuse Services,25424,RICHMOND UNIVERSITY MEDICAL CENTER OP1,NYS Office of Alcoholism and Substance Abuse Services
4096480001,26112,"SAMARITAN DAYTOP VILLAGE, INC. OTP",NYS Office of Alcoholism and Substance Abuse Services,26113,"SAMARITAN DAYTOP VILLAGE, INC. OTP 1",NYS Office of Alcoholism and Substance Abuse Services
1013737504,25765,"ROOSEVELT ISLAND DAY NURSERY, INC.",NYC Department of Health and Mental Hygiene,25764,ROOSEVELT ISLAND DAY NURSERY,NYC Department of Health and Mental Hygiene
4096480001,26113,"SAMARITAN DAYTOP VILLAGE, INC. OTP 1",NYS Office of Alcoholism and Substance Abuse Services,26114,"SAMARITAN DAYTOP VILLAGE, INC. OTP 2",NYS Office of Alcoholism and Substance Abuse Services
4096480001,26113,"SAMARITAN DAYTOP VILLAGE, INC. OTP 1",NYS Office of Alcoholism and Substance Abuse Services,26112,"SAMARITAN DAYTOP VILLAGE, INC. OTP",NYS Office of Alcoholism and Substance Abuse Services
4096480001,26114,"SAMARITAN DAYTOP VILLAGE, INC. OTP 2",NYS Office of Alcoholism and Substance Abuse Services,26113,"SAMARITAN DAYTOP VILLAGE, INC. OTP 1",NYS Office of Alcoholism and Substance Abuse Services
4096480001,26115,"SAMARITAN DAYTOP VILLAGE, INC. SRH",NYS Office of Alcoholism and Substance Abuse Services,26116,"SAMARITAN DAYTOP VILLAGE, INC. SRH 1",NYS Office of Alcoholism and Substance Abuse Services
4096480001,26116,"SAMARITAN DAYTOP VILLAGE, INC. SRH 1",NYS Office of Alcoholism and Substance Abuse Services,26115,"SAMARITAN DAYTOP VILLAGE, INC. SRH",NYS Office of Alcoholism and Substance Abuse Services
2031470050,26252,SBH HEALTH SYSTEM BEHAVIORAL HEALTH COMMUNITY RECOVERY SVC.,NYS Office of Mental Health,26253,SBH HEALTH SYSTEM BEHAVIORAL HEALTH DAVID CASELLA CHILD SVC,NYS Office of Mental Health
4096480001,26108,"SAMARITAN DAYTOP VILLAGE, INC. IR",NYS Office of Alcoholism and Substance Abuse Services,26109,"SAMARITAN DAYTOP VILLAGE, INC. IR 3",NYS Office of Alcoholism and Substance Abuse Services
4096480001,26109,"SAMARITAN DAYTOP VILLAGE, INC. IR 3",NYS Office of Alcoholism and Substance Abuse Services,26110,"SAMARITAN DAYTOP VILLAGE, INC. IR 4",NYS Office of Alcoholism and Substance Abuse Services
4096480001,26109,"SAMARITAN DAYTOP VILLAGE, INC. IR 3",NYS Office of Alcoholism and Substance Abuse Services,26108,"SAMARITAN DAYTOP VILLAGE, INC. IR",NYS Office of Alcoholism and Substance Abuse Services
4096480001,26110,"SAMARITAN DAYTOP VILLAGE, INC. IR 4",NYS Office of Alcoholism and Substance Abuse Services,26109,"SAMARITAN DAYTOP VILLAGE, INC. IR 3",NYS Office of Alcoholism and Substance Abuse Services
2031470050,26253,SBH HEALTH SYSTEM BEHAVIORAL HEALTH DAVID CASELLA CHILD SVC,NYS Office of Mental Health,26252,SBH HEALTH SYSTEM BEHAVIORAL HEALTH COMMUNITY RECOVERY SVC.,NYS Office of Mental Health
1007860001,26571,SERENDIPITY I JOHN DAVID CNTR IR,NYS Office of Alcoholism and Substance Abuse Services,26572,SERENDIPITY II MADELINE RANDERS CTR IR,NYS Office of Alcoholism and Substance Abuse Services
1007860001,26572,SERENDIPITY II MADELINE RANDERS CTR IR,NYS Office of Alcoholism and Substance Abuse Services,26571,SERENDIPITY I JOHN DAVID CNTR IR,NYS Office of Alcoholism and Substance Abuse Services
3086930001,26836,SHOREFRONT Y,NYC Department of Youth and Community Development,26837,SHOREFRONT YM-YWHA,NYC Department of Youth and Community Development
3070880001,26562,SEPHARDIC COMMUNITY CENTER,NYC Department of Education,26563,SEPHARDIC COMMUNITY CENTER #2,NYC Department of Education
3070880001,26563,SEPHARDIC COMMUNITY CENTER #2,NYC Department of Education,26562,SEPHARDIC COMMUNITY CENTER,NYC Department of Education
3086930001,26837,SHOREFRONT YM-YWHA,NYC Department of Youth and Community Development,26836,SHOREFRONT Y,NYC Department of Youth and Community Development
1008120056,28961,"T.R.I. CENTER, INC. OP",NYS Office of Alcoholism and Substance Abuse Services,28962,"T.R.I. CENTER, INC. OP 1",NYS Office of Alcoholism and Substance Abuse Services
5033550001,27300,SOUTH RICHMOND ACT,NYS Office of Mental Health,27301,SOUTH RICHMOND CLINIC,NYS Office of Mental Health
5033550001,27301,SOUTH RICHMOND CLINIC,NYS Office of Mental Health,27300,SOUTH RICHMOND ACT,NYS Office of Mental Health
5033550032,28390,STATEN ISLAND UNIVERSITY HOSP. OTP,NYS Office of Alcoholism and Substance Abuse Services,28391,STATEN ISLAND UNIVERSITY HOSP. OTP 1,NYS Office of Alcoholism and Substance Abuse Services
5033550032,28391,STATEN ISLAND UNIVERSITY HOSP. OTP 1,NYS Office of Alcoholism and Substance Abuse Services,28392,STATEN ISLAND UNIVERSITY HOSP. OTP 2,NYS Office of Alcoholism and Substance Abuse Services
5033550032,28391,STATEN ISLAND UNIVERSITY HOSP. OTP 1,NYS Office of Alcoholism and Substance Abuse Services,28390,STATEN ISLAND UNIVERSITY HOSP. OTP,NYS Office of Alcoholism and Substance Abuse Services
5033550032,28392,STATEN ISLAND UNIVERSITY HOSP. OTP 2,NYS Office of Alcoholism and Substance Abuse Services,28393,STATEN ISLAND UNIVERSITY HOSP. OTP 3,NYS Office of Alcoholism and Substance Abuse Services
5033550032,28392,STATEN ISLAND UNIVERSITY HOSP. OTP 2,NYS Office of Alcoholism and Substance Abuse Services,28391,STATEN ISLAND UNIVERSITY HOSP. OTP 1,NYS Office of Alcoholism and Substance Abuse Services
5033550032,28393,STATEN ISLAND UNIVERSITY HOSP. OTP 3,NYS Office of Alcoholism and Substance Abuse Services,28392,STATEN ISLAND UNIVERSITY HOSP. OTP 2,NYS Office of Alcoholism and Substance Abuse Services
2026230211,28504,STOREFRONT ACADEMY CHARTER SCHOOL,NYC Department of Education,28505,STOREFRONT ACADEMY HARLEM CHARTER,NYC Department of Education
2026230211,28505,STOREFRONT ACADEMY HARLEM CHARTER,NYC Department of Education,28504,STOREFRONT ACADEMY CHARTER SCHOOL,NYC Department of Education
1018670001,28072,ST. LUKE'S-ROOSEVELT HOSP OP,NYS Office of Alcoholism and Substance Abuse Services,28073,ST. LUKE'S-ROOSEVELT HOSP OP 1,NYS Office of Alcoholism and Substance Abuse Services
1018670001,28073,ST. LUKE'S-ROOSEVELT HOSP OP 1,NYS Office of Alcoholism and Substance Abuse Services,28072,ST. LUKE'S-ROOSEVELT HOSP OP,NYS Office of Alcoholism and Substance Abuse Services
1011160024,28407,STATEN ISLAND YMCA CNSLING SERVICE OP,NYS Office of Alcoholism and Substance Abuse Services,28408,STATEN ISLAND YMCA CNSLING SRVCE OP 1,NYS Office of Alcoholism and Substance Abuse Services
1011160024,28408,STATEN ISLAND YMCA CNSLING SRVCE OP 1,NYS Office of Alcoholism and Substance Abuse Services,28407,STATEN ISLAND YMCA CNSLING SERVICE OP,NYS Office of Alcoholism and Substance Abuse Services
1008120056,28962,"T.R.I. CENTER, INC. OP 1",NYS Office of Alcoholism and Substance Abuse Services,28963,"T.R.I. CENTER, INC. OP 2",NYS Office of Alcoholism and Substance Abuse Services
1008120056,28962,"T.R.I. CENTER, INC. OP 1",NYS Office of Alcoholism and Substance Abuse Services,28961,"T.R.I. CENTER, INC. OP",NYS Office of Alcoholism and Substance Abuse Services
1008120056,28963,"T.R.I. CENTER, INC. OP 2",NYS Office of Alcoholism and Substance Abuse Services,28962,"T.R.I. CENTER, INC. OP 1",NYS Office of Alcoholism and Substance Abuse Services
2026030007,29198,THE BRIDGE BRONX ACT II PROGRAM,NYS Office of Mental Health,29199,THE BRIDGE BRONX ACT PROGRAM,NYS Office of Mental Health
2026030007,29199,THE BRIDGE BRONX ACT PROGRAM,NYS Office of Mental Health,29200,THE BRIDGE BRONX SHELTER ACT PROGRAM,NYS Office of Mental Health
2026030007,29199,THE BRIDGE BRONX ACT PROGRAM,NYS Office of Mental Health,29198,THE BRIDGE BRONX ACT II PROGRAM,NYS Office of Mental Health
2026030007,29200,THE BRIDGE BRONX SHELTER ACT PROGRAM,NYS Office of Mental Health,29199,THE BRIDGE BRONX ACT PROGRAM,NYS Office of Mental Health
1017220067,29201,THE BRIDGE SHELTER ACT PROGRAM I,NYS Office of Mental Health,29202,THE BRIDGE SHELTER ACT PROGRAM II,NYS Office of Mental Health
3033650098,29215,THE BROOKLYN SCHOOL FOR MATH AND RESEARCH,NYC Department of Education,29216,THE BROOKLYN SCHOOL FOR SOCIAL JUSTICE,NYC Department of Education
1017220067,29202,THE BRIDGE SHELTER ACT PROGRAM II,NYS Office of Mental Health,29201,THE BRIDGE SHELTER ACT PROGRAM I,NYS Office of Mental Health
1007860001,30124,"THEATRE COMMUNICATIONS GROUP, INC.",NYC Department of Cultural Affairs,30125,"THEATRE DEVELOPMENT FUND, INC.",NYC Department of Cultural Affairs
3033650098,29216,THE BROOKLYN SCHOOL FOR SOCIAL JUSTICE,NYC Department of Education,29215,THE BROOKLYN SCHOOL FOR MATH AND RESEARCH,NYC Department of Education
1005527504,29827,"THE MANHATTAN KIDS CLUB III, INC.",NYC Department of Health and Mental Hygiene,29826,"THE MANHATTAN KID'S CLUB III, INC.",NYC Department of Health and Mental Hygiene
5020400001,29400,THE COLLEGE OF STATEN ISLAND ASSOCIATION INC.,NYC Department of Health and Mental Hygiene,29401,"THE COLLEGE OF STATEN ISLAND ASSOCIATON, INC.",NYC Department of Health and Mental Hygiene
5020400001,29401,"THE COLLEGE OF STATEN ISLAND ASSOCIATON, INC.",NYC Department of Health and Mental Hygiene,29400,THE COLLEGE OF STATEN ISLAND ASSOCIATION INC.,NYC Department of Health and Mental Hygiene
1005527504,29826,"THE MANHATTAN KID'S CLUB III, INC.",NYC Department of Health and Mental Hygiene,29827,"THE MANHATTAN KIDS CLUB III, INC.",NYC Department of Health and Mental Hygiene
1007860001,30125,"THEATRE DEVELOPMENT FUND, INC.",NYC Department of Cultural Affairs,30124,"THEATRE COMMUNICATIONS GROUP, INC.",NYC Department of Cultural Affairs
3062320043,30220,"THURSDAY'S CHILD, INC.",NYC Department of Health and Mental Hygiene,30221,"THURSDAY'S CHILD, INC. (I /T)",NYC Department of Health and Mental Hygiene
3062320043,30221,"THURSDAY'S CHILD, INC. (I /T)",NYC Department of Health and Mental Hygiene,30220,"THURSDAY'S CHILD, INC.",NYC Department of Health and Mental Hygiene
1009190014,30591,TUTOR TIME CHILDCARE LEARNING CENTER,NYC Department of Health and Mental Hygiene,30592,"TUTOR TIME LEARNING CENTER, LLC",NYC Department of Health and Mental Hygiene
4096770007,30432,TRANSITIONAL SERVICES FOR NEW YORK - HH CM,NYS Office of Mental Health,30433,TRANSITIONAL SERVICES FOR NEW YORK - HH NONMED CM,NYS Office of Mental Health
4096770007,30433,TRANSITIONAL SERVICES FOR NEW YORK - HH NONMED CM,NYS Office of Mental Health,30432,TRANSITIONAL SERVICES FOR NEW YORK - HH CM,NYS Office of Mental Health
1009190014,30592,"TUTOR TIME LEARNING CENTER, LLC",NYC Department of Health and Mental Hygiene,30591,TUTOR TIME CHILDCARE LEARNING CENTER,NYC Department of Health and Mental Hygiene
3059690001,30593,"TUTOR TIME LEARNING CENTERS, LLC",NYC Department of Health and Mental Hygiene,30594,"TUTOR TIME LEARNING CENTERS, LLC.",NYC Department of Health and Mental Hygiene
3059690001,30594,"TUTOR TIME LEARNING CENTERS, LLC.",NYC Department of Health and Mental Hygiene,30593,"TUTOR TIME LEARNING CENTERS, LLC",NYC Department of Health and Mental Hygiene
2026550030,31266,USDA-CEO P017X AT IS 296,NYC Department of Education,31267,USDA-CEO P017X AT IS 298X,NYC Department of Education
3023877501,30604,TWO BY TWO CHILD CARE,NYC Department of Health and Mental Hygiene,30605,TWO BY TWO CHILDCARE PRESCHOOL,NYC Department of Health and Mental Hygiene
3023877501,30605,TWO BY TWO CHILDCARE PRESCHOOL,NYC Department of Health and Mental Hygiene,30604,TWO BY TWO CHILD CARE,NYC Department of Health and Mental Hygiene
1016620001,30757,UNION SETTLEMENT ASSOCIATION- HEALTH HOME CARE MANAGEMENT,NYS Office of Mental Health,30758,UNION SETTLEMENT- HEALTH HOME NON-MEDICAID CARE MANAGEMENT,NYS Office of Mental Health
1016620001,30758,UNION SETTLEMENT- HEALTH HOME NON-MEDICAID CARE MANAGEMENT,NYS Office of Mental Health,30757,UNION SETTLEMENT ASSOCIATION- HEALTH HOME CARE MANAGEMENT,NYS Office of Mental Health
5042440001,30808,UNITED ACT UNLIMITED AT PS 26,NYC Department of Education,30809,UNITED ACT.UNLIMITED AT SI TECH,NYC Department of Education
1019410020,31095,UPPER MANHATTAN - HH CM,NYS Office of Mental Health,31096,UPPER MANHATTAN - HH NONMED CM,NYS Office of Mental Health
1019410020,31096,UPPER MANHATTAN - HH NONMED CM,NYS Office of Mental Health,31095,UPPER MANHATTAN - HH CM,NYS Office of Mental Health
1020600001,31097,UPPER MANHATTAN ADULT OUTPATIENT CLINIC,NYS Office of Mental Health,31098,UPPER MANHATTAN CHILD/ADOLESCENT OUTPATIENT UNIT,NYS Office of Mental Health
1020600001,31098,UPPER MANHATTAN CHILD/ADOLESCENT OUTPATIENT UNIT,NYS Office of Mental Health,31097,UPPER MANHATTAN ADULT OUTPATIENT CLINIC,NYS Office of Mental Health
5042440001,30809,UNITED ACT.UNLIMITED AT SI TECH,NYC Department of Education,30808,UNITED ACT UNLIMITED AT PS 26,NYC Department of Education
2024610094,31011,UNIV. CONSULTATION & TX CTR FOR MH INC. - HH CM,NYS Office of Mental Health,31012,UNIV. CONSULTATION & TX CTR FOR MH INC. - HH NON - MEDICAID,NYS Office of Mental Health
2024610094,31012,UNIV. CONSULTATION & TX CTR FOR MH INC. - HH NON - MEDICAID,NYS Office of Mental Health,31011,UNIV. CONSULTATION & TX CTR FOR MH INC. - HH CM,NYS Office of Mental Health
3048110001,31279,USDA-CEO P036K AT INTERNATIONAL ARTS,NYC Department of Education,31280,USDA-CEO P036K AT WINGATE SCHOOL,NYC Department of Education
4101440047,31293,USDA-CEO P075Q AT PS 276Q,NYC Department of Education,31294,USDA-CEO P075Q AT PS 48Q,NYC Department of Education
2026550030,31267,USDA-CEO P017X AT IS 298X,NYC Department of Education,31266,USDA-CEO P017X AT IS 296,NYC Department of Education
3048110001,31280,USDA-CEO P036K AT WINGATE SCHOOL,NYC Department of Education,31279,USDA-CEO P036K AT INTERNATIONAL ARTS,NYC Department of Education
1016470001,31849,WASHINGTON HOUSE (HIGH SCHOOL),NYC Department of Youth and Community Development,31850,WASHINGTON HOUSES,NYC Department of Youth and Community Development
2023630007,31668,VISITING NURSE HOME CARE - BRONX I,NYS Office of Mental Health,31669,VISITING NURSE HOME CARE - BRONX II,NYS Office of Mental Health
2023630007,31669,VISITING NURSE HOME CARE - BRONX II,NYS Office of Mental Health,31668,VISITING NURSE HOME CARE - BRONX I,NYS Office of Mental Health
4101440047,31294,USDA-CEO P075Q AT PS 48Q,NYC Department of Education,31293,USDA-CEO P075Q AT PS 276Q,NYC Department of Education
1016470001,31850,WASHINGTON HOUSES,NYC Department of Youth and Community Development,31849,WASHINGTON HOUSE (HIGH SCHOOL),NYC Department of Youth and Community Development
4041830075,32022,WELLLIFE NETWORK INC. OP,NYS Office of Alcoholism and Substance Abuse Services,32023,"WELLLIFE NETWORK,INC. OP 2",NYS Office of Alcoholism and Substance Abuse Services
2042260130,32024,WELLNESS CENTER AT MELROSE OTP,NYS Office of Alcoholism and Substance Abuse Services,32025,WELLNESS CENTER AT PORT MORRIS OTP,NYS Office of Alcoholism and Substance Abuse Services
4041830075,32023,"WELLLIFE NETWORK,INC. OP 2",NYS Office of Alcoholism and Substance Abuse Services,32022,WELLLIFE NETWORK INC. OP,NYS Office of Alcoholism and Substance Abuse Services
2042260130,32025,WELLNESS CENTER AT PORT MORRIS OTP,NYS Office of Alcoholism and Substance Abuse Services,32024,WELLNESS CENTER AT MELROSE OTP,NYS Office of Alcoholism and Substance Abuse Services
1020130003,32169,WESTON UNITED COMMUNITY RENEWAL - HH CM,NYS Office of Mental Health,32170,WESTON UNITED COMMUNITY RENEWAL - HH NONMED CM,NYS Office of Mental Health
1007590032,32098,WEST MIDTOWN MANAGEMENT GROUP OTP,NYS Office of Alcoholism and Substance Abuse Services,32099,WEST MIDTOWN MANAGEMENT GROUP OTP 1,NYS Office of Alcoholism and Substance Abuse Services
1007590032,32099,WEST MIDTOWN MANAGEMENT GROUP OTP 1,NYS Office of Alcoholism and Substance Abuse Services,32098,WEST MIDTOWN MANAGEMENT GROUP OTP,NYS Office of Alcoholism and Substance Abuse Services
1020130003,32170,WESTON UNITED COMMUNITY RENEWAL - HH NONMED CM,NYS Office of Mental Health,32169,WESTON UNITED COMMUNITY RENEWAL - HH CM,NYS Office of Mental Health
2022980101,33054,ZETA CHARTER SCHOOL - NYC 3,NYC Department of Education,33055,ZETA CHARTER SCHOOL - NYC 4,NYC Department of Education
2022980101,33055,ZETA CHARTER SCHOOL - NYC 4,NYC Department of Education,33054,ZETA CHARTER SCHOOL - NYC 3,NYC Department of Education
